AgentID,AgentCode,AgentName
1,1,Agent Prime 1
2,2,Agent Sky 2
3,3,Agent Star 3
4,4,Agent Travel 4
5,5,Agent Express 5
6,6,Agent Elite 6
7,7,Agent Elite 7
8,8,Agent Star 8
9,9,Agent Sky 9
10,10,Agent Travel 10
11,11,Agent Prime 11
12,12,Agent Sky 12
13,13,Agent Sky 13
14,14,Agent Connect 14
15,15,Agent Connect 15
16,16,Agent Global 16
17,17,Agent Express 17
18,18,Agent Sky 18
19,19,Agent Elite 19
20,20,Agent Prime 20
21,21,Agent Prime 21
22,22,Agent Express 22
23,23,Agent Elite 23
24,24,Agent Travel 24
25,25,Agent Elite 25
26,26,Agent Prime 26
27,27,Agent Prime 27
28,28,Agent Connect 28
29,29,Agent Prime 29
30,30,Agent Travel 30
31,31,Agent Elite 31
32,32,Agent Global 32
33,33,Agent Connect 33
34,34,Agent Travel 34
35,35,Agent Travel 35
36,36,Agent Elite 36
37,37,Agent Express 37
38,38,Agent Star 38
39,39,Agent Elite 39
40,40,Agent Prime 40
41,41,Agent Global 41
42,42,Agent Elite 42
43,43,Agent Link 43
44,44,Agent Travel 44
45,45,Agent Sky 45
46,46,Agent Pro 46
47,47,Agent Link 47
48,48,Agent Travel 48
49,49,Agent Link 49
50,50,Agent Express 50
51,51,Agent Link 51
52,52,Agent Express 52
53,53,Agent Connect 53
54,54,Agent Pro 54
55,55,Agent Express 55
56,56,Agent Star 56
57,57,Agent Express 57
58,58,Agent Link 58
59,59,Agent Global 59
60,60,Agent Travel 60
61,61,Agent Global 61
62,62,Agent Link 62
63,63,Agent Elite 63
64,64,Agent Link 64
65,65,Agent Star 65
66,66,Agent Connect 66
67,67,Agent Link 67
68,68,Agent Prime 68
69,69,Agent Sky 69
70,70,Agent Pro 70
71,71,Agent Express 71
72,72,Agent Sky 72
73,73,Agent Travel 73
74,74,Agent Link 74
75,75,Agent Travel 75
76,76,Agent Link 76
77,77,Agent Pro 77
78,78,Agent Prime 78
79,79,Agent Link 79
80,80,Agent Pro 80
81,81,Agent Prime 81
82,82,Agent Prime 82
83,83,Agent Pro 83
84,84,Agent Prime 84
85,85,Agent Link 85
86,86,Agent Sky 86
87,87,Agent Prime 87
88,88,Agent Elite 88
89,89,Agent Express 89
90,90,Agent Travel 90
91,91,Agent Express 91
92,92,Agent Travel 92
93,93,Agent Elite 93
94,94,Agent Pro 94
95,95,Agent Link 95
96,96,Agent Pro 96
97,97,Agent Pro 97
98,98,Agent Elite 98
99,99,Agent Travel 99
100,100,Agent Global 100
101,101,Agent Express 101
102,102,Agent Express 102
103,103,Agent Express 103
104,104,Agent Express 104
105,105,Agent Connect 105
106,106,Agent Star 106
107,107,Agent Pro 107
108,108,Agent Travel 108
109,109,Agent Express 109
110,110,Agent Connect 110
111,111,Agent Global 111
112,112,Agent Connect 112
113,113,Agent Global 113
114,114,Agent Link 114
115,115,Agent Prime 115
116,116,Agent Express 116
117,117,Agent Sky 117
118,118,Agent Link 118
119,119,Agent Star 119
120,120,Agent Express 120
121,121,Agent Prime 121
122,122,Agent Link 122
123,123,Agent Express 123
124,124,Agent Express 124
125,125,Agent Sky 125
126,126,Agent Global 126
127,127,Agent Elite 127
128,128,Agent Prime 128
129,129,Agent Star 129
130,130,Agent Express 130
131,131,Agent Prime 131
132,132,Agent Connect 132
133,133,Agent Star 133
134,134,Agent Global 134
135,135,Agent Link 135
136,136,Agent Travel 136
137,137,Agent Connect 137
138,138,Agent Travel 138
139,139,Agent Connect 139
140,140,Agent Star 140
141,141,Agent Global 141
142,142,Agent Link 142
143,143,Agent Express 143
144,144,Agent Travel 144
145,145,Agent Elite 145
146,146,Agent Link 146
147,147,Agent Prime 147
148,148,Agent Travel 148
149,149,Agent Travel 149
150,150,Agent Express 150
151,151,Agent Star 151
152,152,Agent Elite 152
153,153,Agent Prime 153
154,154,Agent Star 154
155,155,Agent Global 155
156,156,Agent Link 156
157,157,Agent Sky 157
158,158,Agent Connect 158
159,159,Agent Travel 159
160,160,Agent Pro 160
161,161,Agent Pro 161
162,162,Agent Link 162
163,163,Agent Sky 163
164,164,Agent Star 164
165,165,Agent Sky 165
166,166,Agent Prime 166
167,167,Agent Elite 167
168,168,Agent Prime 168
169,169,Agent Pro 169
170,170,Agent Travel 170
171,171,Agent Elite 171
172,172,Agent Link 172
173,173,Agent Travel 173
174,174,Agent Link 174
175,175,Agent Global 175
176,176,Agent Elite 176
177,177,Agent Pro 177
178,178,Agent Travel 178
179,179,Agent Prime 179
180,180,Agent Express 180
181,181,Agent Prime 181
182,182,Agent Express 182
183,183,Agent Travel 183
184,184,Agent Star 184
185,185,Agent Pro 185
186,186,Agent Travel 186
187,187,Agent Sky 187
188,188,Agent Pro 188
189,189,Agent Elite 189
190,190,Agent Elite 190
191,191,Agent Sky 191
192,192,Agent Sky 192
193,193,Agent Link 193
194,194,Agent Link 194
195,195,Agent Pro 195
196,196,Agent Star 196
197,197,Agent Link 197
198,198,Agent Connect 198
199,199,Agent Link 199
200,200,Agent Star 200
201,201,Agent Elite 201
202,202,Agent Link 202
203,203,Agent Elite 203
204,204,Agent Pro 204
205,205,Agent Travel 205
206,206,Agent Travel 206
207,207,Agent Pro 207
208,208,Agent Global 208
209,209,Agent Pro 209
210,210,Agent Pro 210
211,211,Agent Global 211
212,212,Agent Star 212
213,213,Agent Prime 213
214,214,Agent Link 214
215,215,Agent Sky 215
216,216,Agent Express 216
217,217,Agent Express 217
218,218,Agent Express 218
219,219,Agent Connect 219
220,220,Agent Connect 220
221,221,Agent Travel 221
222,222,Agent Connect 222
223,223,Agent Prime 223
224,224,Agent Connect 224
225,225,Agent Express 225
226,226,Agent Global 226
227,227,Agent Prime 227
228,228,Agent Global 228
229,229,Agent Connect 229
230,230,Agent Global 230
231,231,Agent Link 231
232,232,Agent Star 232
233,233,Agent Travel 233
234,234,Agent Sky 234
235,235,Agent Global 235
236,236,Agent Express 236
237,237,Agent Pro 237
238,238,Agent Elite 238
239,239,Agent Express 239
240,240,Agent Travel 240
241,241,Agent Connect 241
242,242,Agent Link 242
243,243,Agent Express 243
244,244,Agent Prime 244
245,245,Agent Pro 245
246,246,Agent Express 246
247,247,Agent Elite 247
248,248,Agent Elite 248
249,249,Agent Connect 249
250,250,Agent Pro 250
251,251,Agent Connect 251
252,252,Agent Express 252
253,253,Agent Express 253
254,254,Agent Prime 254
255,255,Agent Link 255
256,256,Agent Elite 256
257,257,Agent Connect 257
258,258,Agent Global 258
259,259,Agent Connect 259
260,260,Agent Star 260
261,261,Agent Star 261
262,262,Agent Express 262
263,263,Agent Star 263
264,264,Agent Sky 264
265,265,Agent Travel 265
266,266,Agent Link 266
267,267,Agent Global 267
268,268,Agent Elite 268
269,269,Agent Prime 269
270,270,Agent Global 270
271,271,Agent Express 271
272,272,Agent Connect 272
273,273,Agent Travel 273
274,274,Agent Connect 274
275,275,Agent Link 275
276,276,Agent Sky 276
277,277,Agent Express 277
278,278,Agent Travel 278
279,279,Agent Pro 279
280,280,Agent Prime 280
281,281,Agent Prime 281
282,282,Agent Connect 282
283,283,Agent Travel 283
284,284,Agent Connect 284
285,285,Agent Connect 285
286,286,Agent Prime 286
287,287,Agent Prime 287
288,288,Agent Elite 288
289,289,Agent Link 289
290,290,Agent Elite 290
291,291,Agent Travel 291
292,292,Agent Travel 292
293,293,Agent Sky 293
294,294,Agent Pro 294
295,295,Agent Star 295
296,296,Agent Star 296
297,297,Agent Pro 297
298,298,Agent Elite 298
299,299,Agent Link 299
300,300,Agent Pro 300
301,301,Agent Pro 301
302,302,Agent Express 302
303,303,Agent Connect 303
304,304,Agent Global 304
305,305,Agent Elite 305
306,306,Agent Pro 306
307,307,Agent Link 307
308,308,Agent Elite 308
309,309,Agent Pro 309
310,310,Agent Elite 310
311,311,Agent Elite 311
312,312,Agent Prime 312
313,313,Agent Connect 313
314,314,Agent Elite 314
315,315,Agent Express 315
316,316,Agent Star 316
317,317,Agent Elite 317
318,318,Agent Pro 318
319,319,Agent Link 319
320,320,Agent Star 320
321,321,Agent Express 321
322,322,Agent Sky 322
323,323,Agent Sky 323
324,324,Agent Star 324
325,325,Agent Pro 325
326,326,Agent Express 326
327,327,Agent Star 327
328,328,Agent Global 328
329,329,Agent Sky 329
330,330,Agent Elite 330
331,331,Agent Connect 331
332,332,Agent Pro 332
333,333,Agent Global 333
334,334,Agent Connect 334
335,335,Agent Prime 335
336,336,Agent Global 336
337,337,Agent Travel 337
338,338,Agent Connect 338
339,339,Agent Prime 339
340,340,Agent Travel 340
341,341,Agent Express 341
342,342,Agent Express 342
343,343,Agent Connect 343
344,344,Agent Star 344
345,345,Agent Link 345
346,346,Agent Connect 346
347,347,Agent Elite 347
348,348,Agent Link 348
349,349,Agent Express 349
350,350,Agent Pro 350
351,351,Agent Sky 351
352,352,Agent Express 352
353,353,Agent Travel 353
354,354,Agent Global 354
355,355,Agent Express 355
356,356,Agent Star 356
357,357,Agent Star 357
358,358,Agent Travel 358
359,359,Agent Travel 359
360,360,Agent Express 360
361,361,Agent Pro 361
362,362,Agent Connect 362
363,363,Agent Connect 363
364,364,Agent Link 364
365,365,Agent Connect 365
366,366,Agent Elite 366
367,367,Agent Sky 367
368,368,Agent Link 368
369,369,Agent Global 369
370,370,Agent Connect 370
371,371,Agent Star 371
372,372,Agent Connect 372
373,373,Agent Link 373
374,374,Agent Prime 374
375,375,Agent Travel 375
376,376,Agent Sky 376
377,377,Agent Global 377
378,378,Agent Elite 378
379,379,Agent Travel 379
380,380,Agent Link 380
381,381,Agent Travel 381
382,382,Agent Connect 382
383,383,Agent Global 383
384,384,Agent Star 384
385,385,Agent Star 385
386,386,Agent Express 386
387,387,Agent Elite 387
388,388,Agent Prime 388
389,389,Agent Elite 389
390,390,Agent Pro 390
391,391,Agent Express 391
392,392,Agent Link 392
393,393,Agent Star 393
394,394,Agent Prime 394
395,395,Agent Pro 395
396,396,Agent Prime 396
397,397,Agent Link 397
398,398,Agent Prime 398
399,399,Agent Sky 399
400,400,Agent Elite 400
401,401,Agent Elite 401
402,402,Agent Express 402
403,403,Agent Elite 403
404,404,Agent Star 404
405,405,Agent Express 405
406,406,Agent Express 406
407,407,Agent Global 407
408,408,Agent Star 408
409,409,Agent Global 409
410,410,Agent Travel 410
411,411,Agent Express 411
412,412,Agent Sky 412
413,413,Agent Elite 413
414,414,Agent Elite 414
415,415,Agent Link 415
416,416,Agent Connect 416
417,417,Agent Pro 417
418,418,Agent Global 418
419,419,Agent Elite 419
420,420,Agent Prime 420
421,421,Agent Connect 421
422,422,Agent Sky 422
423,423,Agent Pro 423
424,424,Agent Express 424
425,425,Agent Prime 425
426,426,Agent Prime 426
427,427,Agent Prime 427
428,428,Agent Travel 428
429,429,Agent Star 429
430,430,Agent Sky 430
431,431,Agent Elite 431
432,432,Agent Travel 432
433,433,Agent Connect 433
434,434,Agent Express 434
435,435,Agent Global 435
436,436,Agent Sky 436
437,437,Agent Star 437
438,438,Agent Link 438
439,439,Agent Link 439
440,440,Agent Travel 440
441,441,Agent Connect 441
442,442,Agent Travel 442
443,443,Agent Link 443
444,444,Agent Connect 444
445,445,Agent Connect 445
446,446,Agent Link 446
447,447,Agent Star 447
448,448,Agent Sky 448
449,449,Agent Prime 449
450,450,Agent Travel 450
451,451,Agent Express 451
452,452,Agent Travel 452
453,453,Agent Link 453
454,454,Agent Global 454
455,455,Agent Prime 455
456,456,Agent Prime 456
457,457,Agent Elite 457
458,458,Agent Pro 458
459,459,Agent Express 459
460,460,Agent Star 460
461,461,Agent Global 461
462,462,Agent Elite 462
463,463,Agent Travel 463
464,464,Agent Star 464
465,465,Agent Star 465
466,466,Agent Star 466
467,467,Agent Pro 467
468,468,Agent Prime 468
469,469,Agent Travel 469
470,470,Agent Elite 470
471,471,Agent Sky 471
472,472,Agent Prime 472
473,473,Agent Connect 473
474,474,Agent Prime 474
475,475,Agent Travel 475
476,476,Agent Global 476
477,477,Agent Travel 477
478,478,Agent Pro 478
479,479,Agent Global 479
480,480,Agent Elite 480
481,481,Agent Express 481
482,482,Agent Travel 482
483,483,Agent Link 483
484,484,Agent Elite 484
485,485,Agent Star 485
486,486,Agent Star 486
487,487,Agent Travel 487
488,488,Agent Travel 488
489,489,Agent Travel 489
490,490,Agent Express 490
491,491,Agent Elite 491
492,492,Agent Elite 492
493,493,Agent Express 493
494,494,Agent Star 494
495,495,Agent Elite 495
496,496,Agent Link 496
497,497,Agent Prime 497
498,498,Agent Pro 498
499,499,Agent Pro 499
500,500,Agent Global 500
501,501,Agent Global 501
502,502,Agent Star 502
503,503,Agent Elite 503
504,504,Agent Pro 504
505,505,Agent Global 505
506,506,Agent Elite 506
507,507,Agent Travel 507
508,508,Agent Prime 508
509,509,Agent Pro 509
510,510,Agent Elite 510
511,511,Agent Pro 511
512,512,Agent Sky 512
513,513,Agent Pro 513
514,514,Agent Link 514
515,515,Agent Express 515
516,516,Agent Connect 516
517,517,Agent Express 517
518,518,Agent Star 518
519,519,Agent Sky 519
520,520,Agent Pro 520
521,521,Agent Global 521
522,522,Agent Prime 522
523,523,Agent Express 523
524,524,Agent Global 524
525,525,Agent Prime 525
526,526,Agent Connect 526
527,527,Agent Star 527
528,528,Agent Connect 528
529,529,Agent Connect 529
530,530,Agent Link 530
531,531,Agent Sky 531
532,532,Agent Connect 532
533,533,Agent Link 533
534,534,Agent Global 534
535,535,Agent Global 535
536,536,Agent Link 536
537,537,Agent Elite 537
538,538,Agent Travel 538
539,539,Agent Travel 539
540,540,Agent Link 540
541,541,Agent Star 541
542,542,Agent Prime 542
543,543,Agent Star 543
544,544,Agent Connect 544
545,545,Agent Global 545
546,546,Agent Sky 546
547,547,Agent Connect 547
548,548,Agent Travel 548
549,549,Agent Express 549
550,550,Agent Global 550
551,551,Agent Global 551
552,552,Agent Sky 552
553,553,Agent Connect 553
554,554,Agent Travel 554
555,555,Agent Link 555
556,556,Agent Pro 556
557,557,Agent Star 557
558,558,Agent Sky 558
559,559,Agent Star 559
560,560,Agent Pro 560
561,561,Agent Pro 561
562,562,Agent Pro 562
563,563,Agent Star 563
564,564,Agent Pro 564
565,565,Agent Star 565
566,566,Agent Sky 566
567,567,Agent Elite 567
568,568,Agent Pro 568
569,569,Agent Travel 569
570,570,Agent Elite 570
571,571,Agent Star 571
572,572,Agent Connect 572
573,573,Agent Connect 573
574,574,Agent Connect 574
575,575,Agent Elite 575
576,576,Agent Connect 576
577,577,Agent Elite 577
578,578,Agent Star 578
579,579,Agent Pro 579
580,580,Agent Express 580
581,581,Agent Star 581
582,582,Agent Global 582
583,583,Agent Elite 583
584,584,Agent Global 584
585,585,Agent Prime 585
586,586,Agent Elite 586
587,587,Agent Sky 587
588,588,Agent Travel 588
589,589,Agent Elite 589
590,590,Agent Sky 590
591,591,Agent Prime 591
592,592,Agent Global 592
593,593,Agent Travel 593
594,594,Agent Pro 594
595,595,Agent Pro 595
596,596,Agent Prime 596
597,597,Agent Sky 597
598,598,Agent Express 598
599,599,Agent Star 599
600,600,Agent Elite 600
601,601,Agent Express 601
602,602,Agent Sky 602
603,603,Agent Global 603
604,604,Agent Sky 604
605,605,Agent Pro 605
606,606,Agent Link 606
607,607,Agent Star 607
608,608,Agent Elite 608
609,609,Agent Prime 609
610,610,Agent Global 610
611,611,Agent Link 611
612,612,Agent Elite 612
613,613,Agent Link 613
614,614,Agent Prime 614
615,615,Agent Express 615
616,616,Agent Prime 616
617,617,Agent Prime 617
618,618,Agent Elite 618
619,619,Agent Elite 619
620,620,Agent Connect 620
621,621,Agent Sky 621
622,622,Agent Express 622
623,623,Agent Pro 623
624,624,Agent Global 624
625,625,Agent Express 625
626,626,Agent Link 626
627,627,Agent Elite 627
628,628,Agent Pro 628
629,629,Agent Pro 629
630,630,Agent Elite 630
631,631,Agent Sky 631
632,632,Agent Express 632
633,633,Agent Prime 633
634,634,Agent Global 634
635,635,Agent Global 635
636,636,Agent Pro 636
637,637,Agent Travel 637
638,638,Agent Sky 638
639,639,Agent Connect 639
640,640,Agent Connect 640
641,641,Agent Star 641
642,642,Agent Prime 642
643,643,Agent Travel 643
644,644,Agent Travel 644
645,645,Agent Travel 645
646,646,Agent Connect 646
647,647,Agent Travel 647
648,648,Agent Sky 648
649,649,Agent Pro 649
650,650,Agent Link 650
651,0,Not by Agent
