CompanyID,CompanyCode,CompanyName
1,1,NextEra Ltd.
2,2,SunCore Ltd.
3,3,Quantum Ltd.
4,4,SunCore Ltd.
5,5,BlueWave Ltd.
6,6,BlueWave Ltd.
7,7,BlueWave Ltd.
8,8,ApexGroup Ltd.
9,9,Quantum Ltd.
10,10,Quantum Ltd.
11,11,ApexGroup Ltd.
12,12,SilverLine Ltd.
13,13,SunCore Ltd.
14,14,ApexGroup Ltd.
15,15,SilverLine Ltd.
16,16,ApexGroup Ltd.
17,17,ApexGroup Ltd.
18,18,BlueWave Ltd.
19,19,NorthEdge Ltd.
20,20,BlueWave Ltd.
21,21,BlueWave Ltd.
22,22,NorthEdge Ltd.
23,23,Quantum Ltd.
24,24,Fusion Ltd.
25,25,Quantum Ltd.
26,26,NextEra Ltd.
27,27,BrightPath Ltd.
28,28,NorthEdge Ltd.
29,29,NextEra Ltd.
30,30,Zenith Ltd.
31,31,ApexGroup Ltd.
32,32,Fusion Ltd.
33,33,Zenith Ltd.
34,34,BlueWave Ltd.
35,35,NextEra Ltd.
36,36,BlueWave Ltd.
37,37,BlueWave Ltd.
38,38,Fusion Ltd.
39,39,BlueWave Ltd.
40,40,Fusion Ltd.
41,41,ApexGroup Ltd.
42,42,Quantum Ltd.
43,43,BlueWave Ltd.
44,44,Zenith Ltd.
45,45,BlueWave Ltd.
46,46,BrightPath Ltd.
47,47,NextEra Ltd.
48,48,NextEra Ltd.
49,49,ApexGroup Ltd.
50,50,SunCore Ltd.
51,51,SunCore Ltd.
52,52,ApexGroup Ltd.
53,53,Zenith Ltd.
54,54,SilverLine Ltd.
55,55,SunCore Ltd.
56,56,ApexGroup Ltd.
57,57,Zenith Ltd.
58,58,BrightPath Ltd.
59,59,SilverLine Ltd.
60,60,NorthEdge Ltd.
61,61,NorthEdge Ltd.
62,62,SilverLine Ltd.
63,63,BrightPath Ltd.
64,64,NorthEdge Ltd.
65,65,NorthEdge Ltd.
66,66,Quantum Ltd.
67,67,NorthEdge Ltd.
68,68,SunCore Ltd.
69,69,SilverLine Ltd.
70,70,SilverLine Ltd.
71,71,BlueWave Ltd.
72,72,SunCore Ltd.
73,73,SilverLine Ltd.
74,74,Fusion Ltd.
75,75,SunCore Ltd.
76,76,SunCore Ltd.
77,77,Fusion Ltd.
78,78,NextEra Ltd.
79,79,SunCore Ltd.
80,80,SilverLine Ltd.
81,81,NextEra Ltd.
82,82,SunCore Ltd.
83,83,SunCore Ltd.
84,84,Quantum Ltd.
85,85,BrightPath Ltd.
86,86,BlueWave Ltd.
87,87,BlueWave Ltd.
88,88,ApexGroup Ltd.
89,89,NorthEdge Ltd.
90,90,BlueWave Ltd.
91,91,SunCore Ltd.
92,92,Zenith Ltd.
93,93,ApexGroup Ltd.
94,94,SunCore Ltd.
95,95,BrightPath Ltd.
96,96,SilverLine Ltd.
97,97,BrightPath Ltd.
98,98,BlueWave Ltd.
99,99,Fusion Ltd.
100,100,SilverLine Ltd.
101,101,SunCore Ltd.
102,102,BrightPath Ltd.
103,103,SunCore Ltd.
104,104,NorthEdge Ltd.
105,105,BlueWave Ltd.
106,106,Zenith Ltd.
107,107,BlueWave Ltd.
108,108,SilverLine Ltd.
109,109,ApexGroup Ltd.
110,110,Fusion Ltd.
111,111,BlueWave Ltd.
112,112,BrightPath Ltd.
113,113,Fusion Ltd.
114,114,Quantum Ltd.
115,115,NorthEdge Ltd.
116,116,Fusion Ltd.
117,117,ApexGroup Ltd.
118,118,BlueWave Ltd.
119,119,NorthEdge Ltd.
120,120,Quantum Ltd.
121,121,SunCore Ltd.
122,122,Quantum Ltd.
123,123,Zenith Ltd.
124,124,SilverLine Ltd.
125,125,Zenith Ltd.
126,126,BlueWave Ltd.
127,127,Fusion Ltd.
128,128,SunCore Ltd.
129,129,SilverLine Ltd.
130,130,BlueWave Ltd.
131,131,SunCore Ltd.
132,132,Zenith Ltd.
133,133,Zenith Ltd.
134,134,BrightPath Ltd.
135,135,Quantum Ltd.
136,136,ApexGroup Ltd.
137,137,Zenith Ltd.
138,138,NextEra Ltd.
139,139,NorthEdge Ltd.
140,140,Quantum Ltd.
141,141,BlueWave Ltd.
142,142,Fusion Ltd.
143,143,BlueWave Ltd.
144,144,NextEra Ltd.
145,145,SunCore Ltd.
146,146,NorthEdge Ltd.
147,147,Zenith Ltd.
148,148,ApexGroup Ltd.
149,149,BrightPath Ltd.
150,150,BlueWave Ltd.
151,151,BlueWave Ltd.
152,152,SilverLine Ltd.
153,153,ApexGroup Ltd.
154,154,BrightPath Ltd.
155,155,BrightPath Ltd.
156,156,Zenith Ltd.
157,157,Zenith Ltd.
158,158,Zenith Ltd.
159,159,Fusion Ltd.
160,160,Fusion Ltd.
161,161,BrightPath Ltd.
162,162,BrightPath Ltd.
163,163,ApexGroup Ltd.
164,164,BrightPath Ltd.
165,165,Fusion Ltd.
166,166,NorthEdge Ltd.
167,167,ApexGroup Ltd.
168,168,Fusion Ltd.
169,169,SunCore Ltd.
170,170,BlueWave Ltd.
171,171,BrightPath Ltd.
172,172,SunCore Ltd.
173,173,BrightPath Ltd.
174,174,SunCore Ltd.
175,175,ApexGroup Ltd.
176,176,Fusion Ltd.
177,177,SilverLine Ltd.
178,178,SilverLine Ltd.
179,179,NorthEdge Ltd.
180,180,Zenith Ltd.
181,181,NorthEdge Ltd.
182,182,Zenith Ltd.
183,183,BrightPath Ltd.
184,184,NorthEdge Ltd.
185,185,ApexGroup Ltd.
186,186,Zenith Ltd.
187,187,NextEra Ltd.
188,188,SunCore Ltd.
189,189,BlueWave Ltd.
190,190,NextEra Ltd.
191,191,NextEra Ltd.
192,192,SilverLine Ltd.
193,193,ApexGroup Ltd.
194,194,BlueWave Ltd.
195,195,Fusion Ltd.
196,196,Quantum Ltd.
197,197,Fusion Ltd.
198,198,SilverLine Ltd.
199,199,Zenith Ltd.
200,200,NorthEdge Ltd.
201,201,NorthEdge Ltd.
202,202,NorthEdge Ltd.
203,203,SunCore Ltd.
204,204,NextEra Ltd.
205,205,Quantum Ltd.
206,206,Quantum Ltd.
207,207,Quantum Ltd.
208,208,NorthEdge Ltd.
209,209,Quantum Ltd.
210,210,NextEra Ltd.
211,211,ApexGroup Ltd.
212,212,BlueWave Ltd.
213,213,Fusion Ltd.
214,214,BlueWave Ltd.
215,215,NextEra Ltd.
216,216,ApexGroup Ltd.
217,217,BlueWave Ltd.
218,218,BrightPath Ltd.
219,219,Quantum Ltd.
220,220,ApexGroup Ltd.
221,221,NextEra Ltd.
222,222,Fusion Ltd.
223,223,ApexGroup Ltd.
224,224,SunCore Ltd.
225,225,NextEra Ltd.
226,226,Quantum Ltd.
227,227,Quantum Ltd.
228,228,Zenith Ltd.
229,229,BrightPath Ltd.
230,230,NorthEdge Ltd.
231,231,Quantum Ltd.
232,232,BrightPath Ltd.
233,233,Zenith Ltd.
234,234,ApexGroup Ltd.
235,235,SunCore Ltd.
236,236,NextEra Ltd.
237,237,Fusion Ltd.
238,238,NextEra Ltd.
239,239,NorthEdge Ltd.
240,240,NextEra Ltd.
241,241,Zenith Ltd.
242,242,BrightPath Ltd.
243,243,NextEra Ltd.
244,244,BrightPath Ltd.
245,245,SilverLine Ltd.
246,246,ApexGroup Ltd.
247,247,SunCore Ltd.
248,248,ApexGroup Ltd.
249,249,ApexGroup Ltd.
250,250,Zenith Ltd.
251,251,ApexGroup Ltd.
252,252,BrightPath Ltd.
253,253,BlueWave Ltd.
254,254,NextEra Ltd.
255,255,NextEra Ltd.
256,256,Fusion Ltd.
257,257,Fusion Ltd.
258,258,NextEra Ltd.
259,259,SunCore Ltd.
260,260,Fusion Ltd.
261,261,ApexGroup Ltd.
262,262,SilverLine Ltd.
263,263,SunCore Ltd.
264,264,BlueWave Ltd.
265,265,NorthEdge Ltd.
266,266,Fusion Ltd.
267,267,Quantum Ltd.
268,268,NextEra Ltd.
269,269,Fusion Ltd.
270,270,BlueWave Ltd.
271,271,SilverLine Ltd.
272,272,Fusion Ltd.
273,273,SunCore Ltd.
274,274,SilverLine Ltd.
275,275,BrightPath Ltd.
276,276,SilverLine Ltd.
277,277,BrightPath Ltd.
278,278,Quantum Ltd.
279,279,ApexGroup Ltd.
280,280,NextEra Ltd.
281,281,BlueWave Ltd.
282,282,NorthEdge Ltd.
283,283,ApexGroup Ltd.
284,284,SilverLine Ltd.
285,285,SilverLine Ltd.
286,286,Fusion Ltd.
287,287,Quantum Ltd.
288,288,ApexGroup Ltd.
289,289,Quantum Ltd.
290,290,Fusion Ltd.
291,291,BrightPath Ltd.
292,292,NorthEdge Ltd.
293,293,Quantum Ltd.
294,294,Zenith Ltd.
295,295,Zenith Ltd.
296,296,ApexGroup Ltd.
297,297,Fusion Ltd.
298,298,Fusion Ltd.
299,299,Quantum Ltd.
300,300,NorthEdge Ltd.
301,301,ApexGroup Ltd.
302,302,BlueWave Ltd.
303,303,SunCore Ltd.
304,304,Zenith Ltd.
305,305,NextEra Ltd.
306,306,NextEra Ltd.
307,307,Quantum Ltd.
308,308,Quantum Ltd.
309,309,NorthEdge Ltd.
310,310,BrightPath Ltd.
311,311,Quantum Ltd.
312,312,Fusion Ltd.
313,313,NextEra Ltd.
314,314,Fusion Ltd.
315,315,BrightPath Ltd.
316,316,Quantum Ltd.
317,317,BrightPath Ltd.
318,318,Zenith Ltd.
319,319,NorthEdge Ltd.
320,320,ApexGroup Ltd.
321,321,NorthEdge Ltd.
322,322,NextEra Ltd.
323,323,ApexGroup Ltd.
324,324,ApexGroup Ltd.
325,325,Zenith Ltd.
326,326,BrightPath Ltd.
327,327,SilverLine Ltd.
328,328,Quantum Ltd.
329,329,SilverLine Ltd.
330,330,ApexGroup Ltd.
331,331,BrightPath Ltd.
332,332,SilverLine Ltd.
333,333,BlueWave Ltd.
334,334,NextEra Ltd.
335,335,NorthEdge Ltd.
336,336,SunCore Ltd.
337,337,Fusion Ltd.
338,338,BrightPath Ltd.
339,339,SilverLine Ltd.
340,340,SunCore Ltd.
341,341,BrightPath Ltd.
342,342,ApexGroup Ltd.
343,343,NextEra Ltd.
344,344,NextEra Ltd.
345,345,NorthEdge Ltd.
346,346,NextEra Ltd.
347,347,NextEra Ltd.
348,348,Quantum Ltd.
349,349,BlueWave Ltd.
350,350,NorthEdge Ltd.
351,351,Fusion Ltd.
352,352,Quantum Ltd.
353,353,SilverLine Ltd.
354,354,SilverLine Ltd.
355,355,NorthEdge Ltd.
356,356,SunCore Ltd.
357,357,NextEra Ltd.
358,358,Fusion Ltd.
359,359,Quantum Ltd.
360,360,SunCore Ltd.
361,361,Zenith Ltd.
362,362,NextEra Ltd.
363,363,Fusion Ltd.
364,364,NorthEdge Ltd.
365,365,Fusion Ltd.
366,366,Quantum Ltd.
367,367,NorthEdge Ltd.
368,368,NextEra Ltd.
369,369,Fusion Ltd.
370,370,BrightPath Ltd.
371,371,NorthEdge Ltd.
372,372,Fusion Ltd.
373,373,BlueWave Ltd.
374,374,Zenith Ltd.
375,375,Quantum Ltd.
376,376,NorthEdge Ltd.
377,377,SilverLine Ltd.
378,378,Zenith Ltd.
379,379,Quantum Ltd.
380,380,SunCore Ltd.
381,381,BrightPath Ltd.
382,382,Quantum Ltd.
383,383,ApexGroup Ltd.
384,384,ApexGroup Ltd.
385,385,NextEra Ltd.
386,386,SunCore Ltd.
387,387,Fusion Ltd.
388,388,Fusion Ltd.
389,389,SilverLine Ltd.
390,390,Zenith Ltd.
391,391,Quantum Ltd.
392,392,BrightPath Ltd.
393,393,BlueWave Ltd.
394,394,SilverLine Ltd.
395,395,Zenith Ltd.
396,396,Quantum Ltd.
397,397,NextEra Ltd.
398,398,NorthEdge Ltd.
399,399,SunCore Ltd.
400,400,NorthEdge Ltd.
401,401,NorthEdge Ltd.
402,402,Quantum Ltd.
403,403,Quantum Ltd.
404,404,NorthEdge Ltd.
405,405,NorthEdge Ltd.
406,406,SunCore Ltd.
407,407,BlueWave Ltd.
408,408,ApexGroup Ltd.
409,409,NextEra Ltd.
410,410,Fusion Ltd.
411,411,Zenith Ltd.
412,412,SunCore Ltd.
413,413,BrightPath Ltd.
414,414,NorthEdge Ltd.
415,415,NorthEdge Ltd.
416,416,ApexGroup Ltd.
417,417,BlueWave Ltd.
418,418,BlueWave Ltd.
419,419,SunCore Ltd.
420,420,SilverLine Ltd.
421,421,SilverLine Ltd.
422,422,BlueWave Ltd.
423,423,Quantum Ltd.
424,424,BrightPath Ltd.
425,425,ApexGroup Ltd.
426,426,NextEra Ltd.
427,427,ApexGroup Ltd.
428,428,SunCore Ltd.
429,429,Fusion Ltd.
430,430,SunCore Ltd.
431,431,ApexGroup Ltd.
432,432,Zenith Ltd.
433,433,Quantum Ltd.
434,434,BrightPath Ltd.
435,435,NorthEdge Ltd.
436,436,BlueWave Ltd.
437,437,Quantum Ltd.
438,438,NextEra Ltd.
439,439,NorthEdge Ltd.
440,440,Zenith Ltd.
441,441,SunCore Ltd.
442,442,NorthEdge Ltd.
443,443,BlueWave Ltd.
444,444,BlueWave Ltd.
445,445,Quantum Ltd.
446,446,NorthEdge Ltd.
447,447,BlueWave Ltd.
448,448,SunCore Ltd.
449,449,BlueWave Ltd.
450,450,SilverLine Ltd.
451,451,SilverLine Ltd.
452,452,BrightPath Ltd.
453,453,Zenith Ltd.
454,454,SunCore Ltd.
455,455,BrightPath Ltd.
456,456,Quantum Ltd.
457,457,ApexGroup Ltd.
458,458,ApexGroup Ltd.
459,459,NextEra Ltd.
460,460,Zenith Ltd.
461,461,NextEra Ltd.
462,462,BlueWave Ltd.
463,463,BlueWave Ltd.
464,464,Zenith Ltd.
465,465,Zenith Ltd.
466,466,Zenith Ltd.
467,467,NorthEdge Ltd.
468,468,Quantum Ltd.
469,469,Fusion Ltd.
470,470,BrightPath Ltd.
471,471,SilverLine Ltd.
472,472,NorthEdge Ltd.
473,473,Zenith Ltd.
474,474,BlueWave Ltd.
475,475,SilverLine Ltd.
476,476,ApexGroup Ltd.
477,477,SilverLine Ltd.
478,478,NextEra Ltd.
479,479,Zenith Ltd.
480,480,BlueWave Ltd.
481,481,BlueWave Ltd.
482,482,ApexGroup Ltd.
483,483,BlueWave Ltd.
484,484,NextEra Ltd.
485,485,BrightPath Ltd.
486,486,Fusion Ltd.
487,487,NextEra Ltd.
488,488,BlueWave Ltd.
489,489,SilverLine Ltd.
490,490,NorthEdge Ltd.
491,491,Fusion Ltd.
492,492,NextEra Ltd.
493,493,NorthEdge Ltd.
494,494,NextEra Ltd.
495,495,Quantum Ltd.
496,496,ApexGroup Ltd.
497,497,SunCore Ltd.
498,498,ApexGroup Ltd.
499,499,ApexGroup Ltd.
500,500,Fusion Ltd.
501,501,SilverLine Ltd.
502,502,NextEra Ltd.
503,503,Fusion Ltd.
504,504,BrightPath Ltd.
505,505,NorthEdge Ltd.
506,506,Quantum Ltd.
507,507,NorthEdge Ltd.
508,508,SunCore Ltd.
509,509,Quantum Ltd.
510,510,Fusion Ltd.
511,511,Zenith Ltd.
512,512,ApexGroup Ltd.
513,513,SilverLine Ltd.
514,514,Quantum Ltd.
515,515,Fusion Ltd.
516,516,NorthEdge Ltd.
517,517,NextEra Ltd.
518,518,Fusion Ltd.
519,519,Zenith Ltd.
520,520,Zenith Ltd.
521,521,BrightPath Ltd.
522,522,Zenith Ltd.
523,523,NorthEdge Ltd.
524,524,Zenith Ltd.
525,525,Quantum Ltd.
526,526,SilverLine Ltd.
527,527,Fusion Ltd.
528,528,Fusion Ltd.
529,529,NextEra Ltd.
530,530,ApexGroup Ltd.
531,531,Zenith Ltd.
532,532,BrightPath Ltd.
533,533,Quantum Ltd.
534,534,NorthEdge Ltd.
535,535,Fusion Ltd.
536,536,Zenith Ltd.
537,537,ApexGroup Ltd.
538,538,ApexGroup Ltd.
539,539,ApexGroup Ltd.
540,540,BrightPath Ltd.
541,541,ApexGroup Ltd.
542,542,ApexGroup Ltd.
543,543,BrightPath Ltd.
544,544,NextEra Ltd.
545,545,Zenith Ltd.
546,546,NorthEdge Ltd.
547,547,NorthEdge Ltd.
548,548,SunCore Ltd.
549,549,NorthEdge Ltd.
550,550,Fusion Ltd.
551,551,Quantum Ltd.
552,552,ApexGroup Ltd.
553,553,SilverLine Ltd.
554,554,NextEra Ltd.
555,555,SilverLine Ltd.
556,556,Quantum Ltd.
557,557,BlueWave Ltd.
558,558,BlueWave Ltd.
559,559,NextEra Ltd.
560,560,Zenith Ltd.
561,561,BlueWave Ltd.
562,562,Fusion Ltd.
563,563,NorthEdge Ltd.
564,564,Fusion Ltd.
565,565,SilverLine Ltd.
566,566,SilverLine Ltd.
567,567,BlueWave Ltd.
568,568,Fusion Ltd.
569,569,SilverLine Ltd.
570,570,NorthEdge Ltd.
571,571,BlueWave Ltd.
572,572,Fusion Ltd.
573,573,NorthEdge Ltd.
574,574,ApexGroup Ltd.
575,575,ApexGroup Ltd.
576,576,BlueWave Ltd.
577,577,Zenith Ltd.
578,578,SilverLine Ltd.
579,579,ApexGroup Ltd.
580,580,Fusion Ltd.
581,581,Zenith Ltd.
582,582,SilverLine Ltd.
583,583,BlueWave Ltd.
584,584,NorthEdge Ltd.
585,585,Quantum Ltd.
586,586,Zenith Ltd.
587,587,Fusion Ltd.
588,588,NorthEdge Ltd.
589,589,ApexGroup Ltd.
590,590,ApexGroup Ltd.
591,591,SilverLine Ltd.
592,592,ApexGroup Ltd.
593,593,SilverLine Ltd.
594,594,Quantum Ltd.
595,595,ApexGroup Ltd.
596,596,SunCore Ltd.
597,597,BlueWave Ltd.
598,598,Zenith Ltd.
599,599,Zenith Ltd.
600,600,NextEra Ltd.
601,601,Quantum Ltd.
602,602,NextEra Ltd.
603,603,NextEra Ltd.
604,604,NorthEdge Ltd.
605,605,SunCore Ltd.
606,606,Zenith Ltd.
607,607,ApexGroup Ltd.
608,608,ApexGroup Ltd.
609,609,ApexGroup Ltd.
610,610,NextEra Ltd.
611,611,Fusion Ltd.
612,612,BrightPath Ltd.
613,613,SunCore Ltd.
614,614,Zenith Ltd.
615,615,NorthEdge Ltd.
616,616,SilverLine Ltd.
617,617,SilverLine Ltd.
618,618,ApexGroup Ltd.
619,619,NextEra Ltd.
620,620,Zenith Ltd.
621,621,NextEra Ltd.
622,622,Quantum Ltd.
623,623,NextEra Ltd.
624,624,Quantum Ltd.
625,625,BrightPath Ltd.
626,626,Quantum Ltd.
627,627,BlueWave Ltd.
628,628,Zenith Ltd.
629,629,Zenith Ltd.
630,630,NorthEdge Ltd.
631,631,BrightPath Ltd.
632,632,SilverLine Ltd.
633,633,Fusion Ltd.
634,634,NextEra Ltd.
635,635,SilverLine Ltd.
636,636,ApexGroup Ltd.
637,637,Fusion Ltd.
638,638,NextEra Ltd.
639,639,BrightPath Ltd.
640,640,NextEra Ltd.
641,641,NextEra Ltd.
642,642,Quantum Ltd.
643,643,Fusion Ltd.
644,644,Zenith Ltd.
645,645,NorthEdge Ltd.
646,646,SunCore Ltd.
647,647,Quantum Ltd.
648,648,Fusion Ltd.
649,649,Quantum Ltd.
650,650,BrightPath Ltd.
651,0,Not Through a Company
